file_name,loc,log_loc,cyclomatic_complexity,max_nesting,sql_density,classes,methods,comment_ratio,legacy_imports,modern_imports,label
script.sql,17,2.8903717578961645,1,0,0.1176,0,0,0.0,0,0,1
cart.jsp,84,4.442651256490317,2,2,0.0119,0,0,0.0,0,0,0
checkout.jsp,61,4.127134385045092,2,1,0.0,0,0,0.0,0,0,0
failure.jsp,12,2.5649493574615367,1,1,0.0833,0,0,0.0,0,0,0
home.jsp,124,4.8283137373023015,6,3,0.0081,0,0,0.0,0,0,0
login.jsp,22,3.1354942159291497,1,1,0.0455,0,0,0.0,0,0,0
menu.jsp,59,4.0943445622221,2,1,0.0169,0,0,0.0,0,0,0
myorders.jsp,107,4.68213122712422,2,1,0.0093,0,0,0.0,0,0,0
placeorder.jsp,38,3.6635616461296463,1,1,0.0,0,0,0.0,0,0,0
register.jsp,27,3.332204510175204,1,3,0.037,0,0,0.0,0,0,0
restaurant.jsp,34,3.5553480614894135,2,2,0.0294,0,0,0.0,0,0,0
success.jsp,12,2.5649493574615367,1,1,0.0833,0,0,0.0,0,0,0
accountDetails1.jsp,122,4.812184355372417,1,4,0.0,0,0,0.0081,0,0,0
AccountDetailsServlet.java,74,4.31748811353631,5,5,0.0676,1,0,0.0513,28,0,0
accoutdetails.jsp,108,4.6913478822291435,1,3,0.0,0,0,0.0092,0,0,0
checkbalance.jsp,119,4.787491742782046,1,3,0.0,0,0,0.0165,0,0,0
CheckBalance1.jsp,101,4.624972813284271,1,4,0.0,0,0,0.0098,0,0,0
CheckBalanceServlet.java,92,4.532599493153256,10,7,0.0761,1,0,0.1068,25,0,0
deposit.jsp,127,4.852030263919617,2,3,0.0,0,0,0.0231,0,0,0
DepositServlet.java,119,4.787491742782046,13,7,0.1092,1,0,0.15,26,0,0
error.jsp,129,4.867534450455582,1,3,0.0,0,0,0.0,0,0,0
error1.jsp,129,4.867534450455582,1,3,0.0,0,0,0.0,0,0,0
error3.jsp,129,4.867534450455582,1,3,0.0,0,0,0.0,0,0,0
Home.jsp,273,5.6131281063880705,6,5,0.0073,0,0,0.0353,0,0,0
Login.java,51,3.9512437185814275,4,7,0.0784,1,0,0.1905,12,0,0
login.jsp,165,5.111987788356544,1,6,0.0,0,0,0.0517,0,0,0
lougout.jsp,101,4.624972813284271,1,4,0.0,0,0,0.0098,0,0,0
signup.jsp,174,5.1647859739235145,1,5,0.0,0,0,0.0492,0,0,0
SignUpServlet.java,100,4.61512051684126,4,6,0.06,1,0,0.0566,35,0,0
success.jsp,129,4.867534450455582,1,3,0.0,0,0,0.0,0,0,0
success1.jsp,129,4.867534450455582,1,3,0.0,0,0,0.0,0,0,0
success2.jsp,129,4.867534450455582,1,3,0.0,0,0,0.0,0,0,0
"thankyou,jsp.jsp",77,4.356708826689592,1,3,0.0,0,0,0.0128,0,0,0
transfer.jsp,135,4.912654885736052,6,4,0.0,0,0,0.0217,0,0,0
TransferServlet.java,142,4.962844630259907,19,9,0.1127,1,0,0.1647,27,0,0
withdraw.jsp,122,4.812184355372417,1,4,0.0,0,0,0.0081,0,0,0
WithdrawServlet.java,126,4.844187086458591,18,7,0.1032,1,0,0.1656,26,0,0
schema.sql,19,2.995732273553991,1,1,0.2105,0,0,0.0,0,0,1
database_setup.sql,16,2.833213344056216,1,1,0.125,0,0,0.0,0,0,1
verify_legacy_server.py,97,4.584967478670572,5,4,0.0515,0,1,0.0583,0,0,0
app.js,253,5.537334267018537,21,7,0.0474,0,0,0.0664,0,0,0
EmployeeDAO.java,139,4.941642422609304,14,6,0.1007,1,0,0.0211,12,0,1
Employee.java,58,4.07753744390572,1,2,0.0,1,3,0.0492,0,0,0
EmployeeApiHandler.java,98,4.59511985013459,17,6,0.0306,1,0,0.0392,0,0,0
HealthApiHandler.java,30,3.4339872044851463,3,4,0.0,1,0,0.0909,0,0,0
HttpHandlerBase.java,139,4.941642422609304,21,5,0.0072,1,0,0.0347,0,0,0
LegacyServer.java,51,3.9512437185814275,5,5,0.0,1,0,0.1053,0,0,0
StaticFileHandler.java,63,4.1588830833596715,13,4,0.0,1,1,0.0597,0,0,0
StatsApiHandler.java,25,3.258096538021482,3,3,0.0,1,0,0.1071,0,0,0
DBConnection.java,53,3.9889840465642745,4,6,0.0,2,0,0.0702,3,0,1
index.jsp,72,4.290459441148391,2,4,0.0417,0,0,0.0,0,0,0
UserDAO.java,61,4.127134385045092,2,5,0.1475,1,0,0.0,33,0,1
User.java,29,3.4011973816621555,1,2,0.0,1,2,0.0,1,0,0
DBConnection.java,19,2.995732273553991,2,3,0.0526,1,0,0.0952,3,0,1
UserServlet.java,64,4.174387269895637,5,5,0.0156,1,0,0.0,8,0,0
bootstrap.min.js,2,1.0986122886681098,55,0,1.5,0,0,0.7143,0,0,0
dashboard.js,47,3.871201010907891,1,3,0.0,0,0,0.06,0,0,0
jquery.min.js,3,1.3862943611198906,441,0,16.3333,0,0,0.4,0,0,0
login.jsp,21,3.091042453358316,1,1,0.0952,0,0,0.0,0,0,0
welcome.jsp,22,3.1354942159291497,1,1,0.0455,0,0,0.0,0,0,0
AddBook.java,39,3.6888794541139363,1,0,0.0,1,0,0.0,7,0,1
AddBookForm.java,30,3.4339872044851463,1,0,0.0,1,0,0.0,8,0,1
AddStudent.java,28,3.367295829986474,1,2,0.0,2,1,0.2222,9,0,0
BookBean.java,45,3.828641396489095,1,0,0.0,1,2,0.1509,0,0,0
BookDao.java,220,5.3981627015177525,20,1,0.1318,1,0,0.0,29,0,1
bootstrap.min.js,2,1.0986122886681098,55,0,1.5,0,0,0.7143,0,0,0
Database.java,23,3.1780538303479458,2,0,0.1304,1,0,0.0417,3,0,0
DB.java,12,2.5649493574615367,1,0,0.0,1,0,0.0,1,0,1
IssueBook.java,40,3.713572066704308,1,0,0.0,1,0,0.0,7,0,0
IssueBookBean.java,59,4.0943445622221,1,0,0.0,1,2,0.0,7,0,0
IssueBookForm.java,28,3.367295829986474,1,0,0.0,1,0,0.0,7,0,0
jquery.min.js,3,1.3862943611198906,441,0,16.3333,0,0,0.4,0,0,0
LibrarianBean.java,58,4.07753744390572,1,0,0.0,1,3,0.0,6,0,0
LibrarianDao.java,103,4.6443908991413725,9,1,0.1553,1,0,0.0,15,0,1
LibrarianLogin.java,39,3.6888794541139363,1,0,0.0,1,0,0.0,8,0,0
Log.java,27,3.332204510175204,1,0,0.0,1,0,0.0,8,0,0
Logout.java,18,2.9444389791664403,1,0,0.0,2,0,0.3333,11,0,0
LogoutLibrarian.java,14,2.70805020110221,1,0,0.0,1,0,0.0,7,0,0
ReturnBook.java,33,3.5263605246161616,1,0,0.0,1,0,0.0,7,0,0
ReturnBookForm.java,28,3.367295829986474,1,0,0.0,1,0,0.0,7,0,0
StudentDao.java,27,3.332204510175204,2,0,0.1111,1,0,0.0,13,0,1
StudentFindMyBookForm.java,32,3.4965075614664802,1,2,0.0,2,1,0.2558,10,0,0
StudentLogin.java,38,3.6635616461296463,1,0,0.0,1,0,0.0,8,0,0
StudentMyBook.java,51,3.9512437185814275,1,2,0.0588,2,1,0.1774,19,0,0
StudViewBooks.java,44,3.8066624897703196,1,2,0.0,2,1,0.1852,10,0,0
ViewBookFine.java,53,3.9889840465642745,2,2,0.0377,2,1,0.1452,18,0,0
ViewBooks.java,43,3.784189633918261,1,2,0.0465,2,1,0.14,9,0,0
ViewIssuedBook.java,40,3.713572066704308,1,0,0.0,1,0,0.0,7,0,1
employee-form.jsp,77,4.356708826689592,10,3,0.026,0,0,0.0,0,0,0
employee-list.jsp,70,4.2626798770413155,1,2,0.0286,0,0,0.0,0,0,0
Error.jsp,15,2.772588722239781,1,2,0.0,0,0,0.0,0,0,0
index.jsp,44,3.8066624897703196,1,1,0.0,0,0,0.0,0,0,0
signup.jsp,45,3.828641396489095,1,1,0.0,0,0,0.0,0,0,0
EmployeeDAO.java,107,4.68213122712422,10,4,0.1589,2,1,0.0932,34,0,1
Employee.java,53,3.9889840465642745,1,0,0.0,2,2,0.0185,0,0,0
EmployeeServlet.java,113,4.736198448394496,13,5,0.0265,2,1,0.096,11,0,0
Login.java,32,3.4965075614664802,5,1,0.0,2,0,0.1351,9,0,0
LoginDao.java,24,3.2188758248682006,2,0,0.125,1,0,0.0,3,0,1
Logout.java,17,2.8903717578961645,1,0,0.0,2,0,0.15,8,0,0
DatabaseConnection.java,19,2.995732273553991,1,3,0.0,2,0,0.1364,3,0,0
Signup.java,34,3.5553480614894135,2,6,0.0882,1,0,0.2609,11,0,0
admin.jsp,62,4.143134726391533,3,1,0.0484,0,0,0.0,14,0,0
button.jsp,17,2.8903717578961645,1,1,0.0588,0,0,0.0,0,0,0
cat.jsp,57,4.060443010546419,3,1,0.0351,0,0,0.0,11,0,0
fine.jsp,67,4.219507705176107,3,1,0.0448,0,0,0.0,16,0,0
home.jsp,32,3.4965075614664802,1,1,0.0312,0,0,0.0,0,0,0
issue.jsp,61,4.127134385045092,3,1,0.0492,0,0,0.0,13,0,0
Login.jsp,50,3.9318256327243257,3,1,0.06,0,0,0.0196,3,0,0
mem.jsp,57,4.060443010546419,3,1,0.0351,0,0,0.0,11,0,0
signup.jsp,49,3.912023005428146,1,1,0.0408,0,0,0.0,2,0,0
supplier.jsp,63,4.1588830833596715,3,1,0.0476,0,0,0.0,14,0,0
view.jsp,72,4.290459441148391,3,1,0.2083,0,0,0.0526,22,0,0
MenuDAO.java,10,2.3978952727983707,1,0,0.0,1,0,0.0,0,0,1
OrderDAO.java,10,2.3978952727983707,1,0,0.0,1,0,0.0,0,0,1
OrderItemDAO.java,9,2.302585092994046,1,0,0.0,1,0,0.0,0,0,1
RestaurantDAO.java,10,2.3978952727983707,1,0,0.0,1,0,0.0,0,0,1
UserDAO.java,10,2.3978952727983707,1,0,0.0,1,0,0.0,0,0,1
MenuDAOImpl.java,110,4.709530201312334,7,1,0.1182,1,1,0.0598,13,0,1
OrderDAOImpl.java,143,4.969813299576001,10,1,0.0979,1,1,0.1006,17,0,1
OrderItemDAOImpl.java,103,4.6443908991413725,7,1,0.1359,1,0,0.0721,12,0,1
RestaurantDAOImpl.java,118,4.77912349311153,7,2,0.0932,1,1,0.056,13,0,1
UserDAOImpl.java,94,4.553876891600541,6,1,0.1064,1,1,0.0208,13,0,1
Cart.java,47,3.871201010907891,5,1,0.0,1,0,0.0,0,0,0
CartItem.java,80,4.394449154672439,1,1,0.0,1,3,0.0123,0,0,0
Menu.java,83,4.430816798843313,1,1,0.0,1,3,0.0119,0,0,0
Order.java,120,4.795790545596741,1,1,0.0,1,3,0.04,0,0,0
OrderItem.java,70,4.2626798770413155,1,1,0.0,1,3,0.0141,0,0,0
Restaurant.java,101,4.624972813284271,1,1,0.0,1,3,0.0098,0,0,0
User.java,70,4.2626798770413155,1,1,0.0,1,3,0.0,0,0,0
AddToCart.java,41,3.7376696182833684,5,0,0.0,1,0,0.0,8,0,0
CheckoutServlet.java,83,4.430816798843313,13,1,0.0241,1,0,0.5414,8,0,0
LoginServlet.java,33,3.5263605246161616,1,0,0.0,1,0,0.0,8,0,0
LogoutServlet.java,21,3.091042453358316,1,0,0.0,1,0,0.0,8,0,0
MenuServlet.java,31,3.4657359027997265,1,0,0.0,1,0,0.0606,8,0,0
MyOrdersServlet.java,30,3.4339872044851463,1,0,0.0,1,0,0.0,8,0,0
RegisterServlet.java,30,3.4339872044851463,1,0,0.0,1,0,0.0,7,0,0
RestaurantServlet.java,24,3.2188758248682006,1,0,0.0,1,0,0.0,8,0,0
hospital_schema.sql,66,4.204692619390966,1,2,0.197,0,0,0.0,0,0,1
admin-dashboard.jsp,236,5.4680601411351315,6,6,0.0,0,0,0.0084,0,0,0
appointment-form.jsp,168,5.1298987149230735,9,5,0.0357,0,0,0.0059,0,0,0
appointments.jsp,177,5.181783550292085,11,7,0.0169,0,0,0.0056,0,0,0
department-form.jsp,109,4.700480365792417,2,4,0.0275,0,0,0.0091,0,0,0
departments.jsp,117,4.770684624465665,2,4,0.0256,0,0,0.0085,0,0,0
doctor-appointments.jsp,144,4.976733742420574,4,1,0.0278,0,0,0.0069,0,0,0
doctor-dashboard.jsp,200,5.303304908059076,6,6,0.0,0,0,0.0148,0,0,0
doctor-form.jsp,106,4.672828834461906,2,4,0.0283,0,0,0.0093,0,0,0
doctors.jsp,150,5.017279836814924,4,4,0.02,0,0,0.0066,0,0,0
error.jsp,91,4.5217885770490405,5,3,0.0,0,0,0.0109,0,0,0
login.jsp,139,4.941642422609304,2,4,0.0072,0,0,0.0071,0,0,0
patient-dashboard.jsp,190,5.25227342804663,2,4,0.0,0,0,0.0155,0,0,0
patient-profile.jsp,147,4.997212273764115,5,6,0.0476,0,0,0.0068,0,0,0
prescription-form.jsp,136,4.919980925828125,6,5,0.0294,0,0,0.0073,0,0,0
register.jsp,141,4.955827057601261,1,3,0.0071,0,0,0.007,0,0,0
report-form.jsp,121,4.804021044733257,2,4,0.0083,0,0,0.0082,0,0,0
reports.jsp,126,4.844187086458591,6,4,0.0,0,0,0.0079,0,0,0
AppointmentsDAO.java,16,2.833213344056216,1,1,0.0625,1,0,0.0,1,0,1
AuditLogsDAO.java,14,2.70805020110221,1,1,0.0,1,0,0.0,1,0,1
DepartmentsDAO.java,12,2.5649493574615367,1,1,0.0833,1,0,0.0,1,0,1
DoctorsDAO.java,13,2.6390573296152584,1,1,0.0769,1,0,0.0,1,0,1
MedicalReportsDAO.java,15,2.772588722239781,1,1,0.0667,1,0,0.0,1,0,1
PatientsDAO.java,12,2.5649493574615367,1,1,0.0833,1,0,0.0,1,0,1
PrescriptionsDAO.java,12,2.5649493574615367,1,1,0.0833,1,0,0.0,1,0,1
UsersDAO.java,15,2.772588722239781,1,1,0.0667,1,0,0.0,1,0,1
AppointmentsDAOImpl.java,181,5.204006687076795,7,5,0.1271,1,0,0.0,25,0,1
AuditLogsDAOImpl.java,159,5.075173815233827,9,10,0.1132,1,0,0.0,22,0,1
DepartmentsDAOImpl.java,98,4.59511985013459,4,5,0.1531,1,0,0.0,17,0,1
DoctorsDAOImpl.java,138,4.9344739331306915,5,5,0.1304,1,0,0.0,19,0,1
MedicalReportsDAOImpl.java,163,5.099866427824199,6,10,0.1288,1,0,0.0,22,0,1
PatientsDAOImpl.java,112,4.727387818712341,4,5,0.1339,1,0,0.0,18,0,1
PrescriptionsDAOImpl.java,116,4.762173934797756,4,5,0.1293,1,0,0.0,17,0,1
UsersDAOImpl.java,149,5.0106352940962555,6,5,0.1544,1,0,0.0,22,0,1
AuthFilter.java,42,3.7612001156935624,2,7,0.0,1,0,0.0,0,0,0
RoleFilter.java,61,4.127134385045092,10,1,0.0,1,0,0.0,0,0,0
Appointments.java,89,4.499809670330265,1,6,0.0,2,2,0.11,0,0,0
AuditLogs.java,78,4.3694478524670215,1,5,0.0256,2,2,0.1333,0,0,0
Departments.java,45,3.828641396489095,1,1,0.0,2,2,0.1667,0,0,0
Doctors.java,72,4.290459441148391,1,1,0.0,2,2,0.1429,0,0,0
MedicalReports.java,72,4.290459441148391,1,1,0.0,2,2,0.1429,0,0,0
Patients.java,64,4.174387269895637,1,1,0.0,2,2,0.1467,0,0,0
Prescriptions.java,63,4.1588830833596715,1,1,0.0,2,2,0.1486,0,0,0
Users.java,79,4.382026634673881,1,1,0.0,2,2,0.1413,0,0,0
AdminDashboardServlet.java,92,4.532599493153256,2,5,0.0,1,0,0.0,3,0,0
AppointmentsServlet.java,234,5.459585514144159,21,8,0.0214,1,0,0.0449,2,0,0
DepartmentsServlet.java,153,5.0369526024136295,18,6,0.0261,1,0,0.0,3,0,0
DoctorAppointmentsServlet.java,97,4.584967478670572,7,8,0.0,1,0,0.0102,3,0,0
DoctorDashboardServlet.java,54,4.007333185232471,3,6,0.0,1,0,0.0357,2,0,0
DoctorsServlet.java,166,5.117993812416755,20,6,0.0241,1,0,0.0,3,0,0
LoginServlet.java,68,4.23410650459726,7,4,0.0,1,0,0.0,3,0,0
LogoutServlet.java,26,3.295836866004329,1,3,0.0,1,0,0.0,2,0,0
PatientDashboardServlet.java,54,4.007333185232471,2,6,0.0,1,0,0.0,3,0,0
PatientsServlet.java,170,5.14166355650266,23,4,0.0294,1,0,0.0058,3,0,0
PrescriptionsServlet.java,196,5.2832037287379885,24,6,0.0204,1,0,0.0,3,0,0
RegisterServlet.java,61,4.127134385045092,3,4,0.0,1,0,0.0,3,0,0
ReportUploadServlet.java,170,5.14166355650266,18,8,0.0,1,0,0.0341,3,0,0
DBConnection.java,21,3.091042453358316,3,0,0.0,2,1,0.3824,3,0,1
studentManagementSystem.sql,72,4.290459441148391,1,1,0.1667,0,0,0.0,0,0,1
adminDashboard.jsp,80,4.394449154672439,6,3,0.0125,0,0,0.0361,0,0,0
index.jsp,79,4.382026634673881,6,5,0.0127,0,0,0.0482,0,0,0
studentDashboard.jsp,74,4.31748811353631,3,3,0.0135,0,0,0.039,0,0,0
teacherDashboard.jsp,35,3.58351893845611,1,2,0.0,0,0,0.0,0,0,0
courseSetup.jsp,157,5.062595033026967,8,7,0.0382,0,0,0.0599,0,0,0
grievance.jsp,215,5.375278407684165,9,9,0.0,0,0,0.0046,0,0,0
registerStudent.jsp,177,5.181783550292085,14,6,0.0395,0,0,0.0585,0,0,0
complaints.jsp,177,5.181783550292085,5,8,0.0,0,0,0.0056,0,0,0
fees.jsp,329,5.799092654460526,12,5,0.0456,0,0,0.0237,0,0,0
listAllCourses.jsp,204,5.3230099791384085,14,9,0.0098,0,0,0.0192,0,0,0
StudentProfile.jsp,241,5.488937726156687,5,6,0.0041,0,0,0.0082,0,0,0
ComplainController.java,124,4.8283137373023015,17,5,0.0,1,0,0.0312,9,0,0
CourseController.java,127,4.852030263919617,20,6,0.0236,1,0,0.1056,5,0,0
DashboardController.java,31,3.4657359027997265,3,3,0.0,1,0,0.0,9,0,0
FeesController.java,48,3.8918202981106265,8,4,0.0833,1,0,0.1579,9,0,0
LoginController.java,32,3.4965075614664802,1,4,0.0,1,0,0.0,8,0,0
LogoutController.java,19,2.995732273553991,1,3,0.0,1,0,0.0,8,0,0
RegisterStudentController.java,106,4.672828834461906,10,4,0.0,1,0,0.1654,10,0,0
StudentProfileController.java,74,4.31748811353631,7,5,0.0135,1,0,0.0133,9,0,0
ComplainDAO.java,136,4.919980925828125,27,5,0.0882,1,0,0.0286,7,0,1
CourseDAO.java,232,5.4510384535657,43,6,0.0776,1,0,0.0128,12,0,1
DBConnection.java,12,2.5649493574615367,1,2,0.0,1,0,0.0,2,0,1
Env.java,6,1.9459101490553132,1,1,0.0,1,0,0.1429,0,0,0
FeesDAO.java,94,4.553876891600541,19,5,0.1064,1,0,0.0693,5,0,1
StudentDAO.java,23,3.1780538303479458,1,3,0.0435,1,0,0.0,3,0,1
StudentProfileDAO.java,118,4.77912349311153,10,6,0.0932,1,0,0.0407,6,0,1
StudentProfileServlet.java,53,3.9889840465642745,8,5,0.1321,1,0,0.0536,9,0,0
UserDAO.java,81,4.406719247264253,15,4,0.0864,1,0,0.0,8,0,1
JspBlockFilter.java,22,3.1354942159291497,1,3,0.0455,1,0,0.1538,5,0,0
Complain.java,54,4.007333185232471,1,2,0.0,1,2,0.0526,0,0,0
CompleteStudentProfile.java,70,4.2626798770413155,3,1,0.0429,1,1,0.0909,0,0,0
Course.java,38,3.6635616461296463,1,2,0.0,1,2,0.0,0,0,0
Fees.java,46,3.8501476017100584,1,2,0.0,1,1,0.0417,0,0,0
Student.java,96,4.574710978503383,1,4,0.0,1,3,0.0,0,0,0
StudentProfile.java,81,4.406719247264253,1,2,0.0,1,0,0.0,0,0,0
User.java,46,3.8501476017100584,1,2,0.0,1,3,0.0213,0,0,0
Error.jsp,15,2.772588722239781,1,1,0.0,0,0,0.0,0,0,0
footer.jsp,16,2.833213344056216,1,2,0.0,0,0,0.0,0,0,0
header.jsp,12,2.5649493574615367,1,0,0.0,0,0,0.0,0,0,0
login.jsp,33,3.5263605246161616,2,1,0.0303,0,0,0.0,0,0,0
register.jsp,49,3.912023005428146,4,1,0.0204,0,0,0.0,0,0,0
todo-form.jsp,82,4.418840607796598,10,3,0.0488,0,0,0.0,0,0,0
todo-list.jsp,71,4.276666119016055,1,4,0.0563,0,0,0.0,0,0,0
LoginDao.java,25,3.258096538021482,1,1,0.12,1,0,0.0741,14,0,1
TodoDao.java,11,2.4849066497880004,1,0,0.0,1,0,0.0,1,0,1
TodoDaoImpl.java,104,4.653960350157523,6,1,0.125,2,1,0.1405,44,0,1
UserDao.java,26,3.295836866004329,1,1,0.0769,1,0,0.1034,13,0,1
LoginBean.java,19,2.995732273553991,1,0,0.0,1,0,0.0,0,0,0
Todo.java,85,4.454347296253507,4,0,0.0,2,3,0.0659,0,0,0
User.java,33,3.5263605246161616,1,0,0.0,2,0,0.1081,0,0,0
JDBCUtils.java,44,3.8066624897703196,7,1,0.0,1,0,0.0435,5,0,1
LoginController.java,44,3.8066624897703196,2,1,0.0,1,0,0.102,9,0,0
TodoController.java,104,4.653960350157523,8,1,0.0385,1,0,0.0714,9,0,0
UserController.java,47,3.871201010907891,3,1,0.0,1,0,0.0784,8,0,0
create-user-table.sql,9,2.302585092994046,1,0,0.1111,0,0,0.0,0,0,1
Error.jsp,15,2.772588722239781,1,1,0.0,0,0,0.0,0,0,0
user-form.jsp,69,4.248495242049359,10,3,0.029,0,0,0.0,0,0,0
user-list.jsp,66,4.204692619390966,1,2,0.0303,0,0,0.0,0,0,0
UserDAO.java,119,4.787491742782046,13,1,0.1092,2,1,0.1377,41,0,1
User.java,46,3.8501476017100584,1,0,0.0,2,3,0.1154,0,0,0
UserServlet.java,97,4.584967478670572,7,1,0.0412,1,0,0.0583,9,0,0
crud.py,28,3.367295829986474,2,2,0.0714,0,5,0.0,0,1,2
database.py,18,2.9444389791664403,1,2,0.2222,0,1,0.0,0,1,2
main.py,27,3.332204510175204,1,1,0.3333,0,2,0.0,0,9,2
models.py,8,2.1972245773362196,1,1,0.25,1,0,0.0,0,0,2
schemas.py,14,2.70805020110221,1,2,0.1429,5,0,0.0,0,3,2
test_suite.py,85,4.454347296253507,1,2,0.0824,0,8,0.0556,0,1,2
crud.py,31,3.4657359027997265,1,2,0.2581,0,7,0.0,0,1,2
database.py,16,2.833213344056216,1,2,0.25,0,1,0.0,0,1,2
main.py,34,3.5553480614894135,11,2,0.4118,0,4,0.0,0,12,2
models.py,14,2.70805020110221,1,1,0.2143,2,0,0.0,0,0,2
schemas.py,21,3.091042453358316,1,2,0.0952,8,0,0.0,0,4,2
test_suite.py,77,4.356708826689592,5,2,0.0909,0,7,0.125,0,1,2
crud.py,93,4.543294782270004,5,3,0.0323,0,8,0.0,0,1,2
database.py,16,2.833213344056216,1,2,0.25,0,1,0.0,0,1,2
main.py,288,5.666426688112432,11,7,0.0451,0,9,0.0035,0,15,2
models.py,17,2.8903717578961645,1,1,0.1176,2,0,0.0,0,0,2
schemas.py,32,3.4965075614664802,1,2,0.0938,6,0,0.0,0,7,2
test_suite.py,79,4.382026634673881,1,2,0.1139,0,3,0.1413,0,3,2
crud.py,219,5.393627546352362,24,2,0.0411,0,40,0.0,0,1,2
database.py,13,2.6390573296152584,1,2,0.2308,0,1,0.0,0,1,2
main.py,61,4.127134385045092,6,3,0.1148,0,7,0.0,0,12,2
models.py,90,4.51085950651685,1,1,0.1111,8,0,0.0,0,1,2
schemas.py,151,5.0238805208462765,1,1,0.0199,32,0,0.0,0,27,2
test_suite.py,119,4.787491742782046,6,3,0.0504,0,6,0.0556,0,1,2
crud.py,127,4.852030263919617,12,2,0.0551,0,25,0.0,0,1,2
database.py,12,2.5649493574615367,1,2,0.1667,0,1,0.0,0,1,2
main.py,62,4.143134726391533,8,3,0.1129,0,8,0.0,0,14,2
models.py,64,4.174387269895637,1,1,0.125,8,0,0.0,0,1,2
schemas.py,106,4.672828834461906,1,1,0.0377,32,0,0.0,0,27,2
test_suite.py,65,4.189654742026425,1,2,0.0308,0,6,0.0,0,1,2
crud.py,54,4.007333185232471,2,3,0.0185,0,7,0.0,0,1,2
database.py,16,2.833213344056216,1,2,0.1875,0,1,0.0,0,1,2
main.py,302,5.713732805509369,16,8,0.0199,0,9,0.0,0,14,2
models.py,53,3.9889840465642745,1,1,0.0755,5,0,0.0,0,1,2
schemas.py,72,4.290459441148391,1,2,0.0417,12,0,0.0,0,10,2
test_suite.py,153,5.0369526024136295,4,4,0.0131,0,10,0.0437,0,1,2
crud.py,35,3.58351893845611,7,2,0.1143,0,9,0.0,0,1,2
database.py,29,3.4011973816621555,2,2,0.1379,0,1,0.0,0,1,2
main.py,58,4.07753744390572,16,2,0.1379,0,11,0.0,0,18,2
models.py,45,3.828641396489095,1,1,0.0667,5,0,0.0,0,1,2
schemas.py,55,4.02535169073515,1,2,0.0364,10,0,0.0,0,11,2
test_suite.py,94,4.553876891600541,7,2,0.0213,0,9,0.0309,0,1,2
crud.py,53,3.9889840465642745,6,3,0.0566,0,10,0.0,0,1,2
database.py,13,2.6390573296152584,1,2,0.2308,0,1,0.0,0,1,2
main.py,79,4.382026634673881,10,3,0.1139,0,10,0.0,0,16,2
models.py,13,2.6390573296152584,1,1,0.1538,2,0,0.0,0,0,2
schemas.py,26,3.295836866004329,1,1,0.0769,8,0,0.0,0,9,2
test_suite.py,90,4.51085950651685,1,3,0.0444,0,4,0.0,0,1,2
crud.py,25,3.258096538021482,1,2,0.12,0,5,0.0,0,1,2
database.py,17,2.8903717578961645,1,2,0.1765,0,1,0.0,0,1,2
main.py,103,4.6443908991413725,30,2,0.0777,0,10,0.0,0,17,2
models.py,20,3.044522437723423,1,1,0.1,1,0,0.0,0,0,2
schemas.py,39,3.6888794541139363,1,2,0.0256,6,0,0.0,0,7,2
test_suite.py,123,4.820281565605037,1,2,0.0163,0,5,0.1214,0,1,2
crud.py,112,4.727387818712341,12,2,0.0536,0,20,0.0,0,1,2
database.py,13,2.6390573296152584,1,2,0.2308,0,1,0.0,0,1,2
main.py,93,4.543294782270004,11,3,0.0968,0,11,0.0,0,16,2
models.py,41,3.7376696182833684,1,1,0.0732,4,0,0.0,0,1,2
schemas.py,74,4.31748811353631,1,1,0.0405,16,0,0.0,0,15,2
test_suite.py,108,4.6913478822291435,1,2,0.037,0,8,0.0,0,1,2
bootstrap.min.js,2,1.0986122886681098,55,0,1.5,0,0,0.7143,0,0,2
dashboard.js,47,3.871201010907891,1,3,0.0,0,0,0.06,0,0,2
jquery.min.js,3,1.3862943611198906,441,0,16.3333,0,0,0.4,0,0,2
login.jsp,21,3.091042453358316,1,1,0.0952,0,0,0.0,0,0,2
welcome.jsp,22,3.1354942159291497,1,1,0.0455,0,0,0.0,0,0,2
bootstrap.min.js,2,1.0986122886681098,55,0,1.5,0,0,0.7143,0,0,2
dashboard.js,47,3.871201010907891,1,3,0.0,0,0,0.06,0,0,2
jquery.min.js,3,1.3862943611198906,441,0,16.3333,0,0,0.4,0,0,2
login.jsp,21,3.091042453358316,1,1,0.0952,0,0,0.0,0,0,2
welcome.jsp,22,3.1354942159291497,1,1,0.0455,0,0,0.0,0,0,2
app.js,138,4.9344739331306915,12,5,0.0362,0,0,0.0072,0,0,2
app.js,114,4.74493212836325,12,5,0.0439,0,0,0.0087,0,0,2
app.js,114,4.74493212836325,12,5,0.0439,0,0,0.0087,0,0,2
app.js,116,4.762173934797756,12,5,0.0431,0,0,0.0085,0,0,2
app.js,122,4.812184355372417,12,5,0.041,0,0,0.0081,0,0,2
app.js,116,4.762173934797756,12,5,0.0431,0,0,0.0085,0,0,2
app.js,116,4.762173934797756,12,5,0.0431,0,0,0.0085,0,0,2
app.js,118,4.77912349311153,12,5,0.0424,0,0,0.0084,0,0,2
app.js,118,4.77912349311153,12,5,0.0424,0,0,0.0084,0,0,2
app.js,120,4.795790545596741,12,5,0.0417,0,0,0.0083,0,0,2
app.js,118,4.77912349311153,12,5,0.0424,0,0,0.0084,0,0,2
users.py,22,3.1354942159291497,2,2,0.2273,0,3,0.0,0,8,2
app.js,118,4.77912349311153,12,5,0.0424,0,0,0.0084,0,0,2
users.py,31,3.4657359027997265,3,2,0.1613,0,5,0.0,0,10,2
